Name,Label,0.958_138.05499,1.703_230.11353,14.279_441.37311,1.131_136.0618,1.176_130.08625,0.996_246.18116,11.383_279.23189,12.839_339.25073,0.827_146.16522,1.717_257.04448,11.377_297.24275,0.955_176.10289,0.958_195.08754,0.994_187.10779,8.067_459.25059,0.952_130.04988,6.343_349.18367,1.206_124.03927,14.703_324.28985,1.016_131.1179,4.8_209.12594,0.828_89.10723,0.957_87.04392,13.817_300.28988,14.019_359.29488,6.503_433.20487,0.953_148.06047,7.275_609.30993,17.565_611.1688,6.932_521.25764,0.958_115.08654,6.229_389.17857,1.134_72.08078,15.784_256.26353,3.78_217.10467,8.259_644.36091,11.547_375.28962,9.641_199.00052,13.862_281.17239,0.917_188.17574,15.644_411.36236,17.054_284.29487,14.018_322.27181,12.452_339.26843,8.724_569.33664,12.461_619.40517,11.389_343.26341,2.67_120.08075,2.709_166.0863,1.116_152.05671,16.032_282.27934,0.934_175.11893,0.964_365.10561,1.44_182.08114,4.905_173.16482,11.095_593.3341,0.868_189.15974,0.928_171.14916,14.541_85.10107,14.534_283.26331,0.901_156.04218,0.923_104.10689,11.559_248.14823,7.585_457.23363,8.42_485.28661,12.458_545.24052,11.218_391.28461,10.371_407.27952,1.209_137.0458,6.923_516.30202,1.691_86.09633,14.053_319.22445,17.562_781.1889,10.009_353.23008,12.027_460.26986,1.616_69.06995,1.593_121.06476,1.686_176.06577,1.011_118.08618,1.203_226.06864,11.567_437.26411,1.012_101.0596,1.134_154.09752,10.991_561.23552,0.966_134.08118,10.981_233.12976,0.817_147.11284,0.987_161.0921,1.204_116.07053,0.974_247.14006,0.82_147.11285,1.01_189.12335,10.33_389.26902,8.222_461.26623,0.979_146.11761,14.997_340.28475,1.196_173.09204,1.193_132.11316,1.185_146.09243,0.962_58.06524,17.573_633.15091,0.934_90.05485,0.97_120.06543,14.822_299.2582,0.972_104.0705,2.562_184.02806,16.054_425.28771,14.283_302.30548,1.069_77.05969,9.806_490.35327,1.113_141.0659,9.007_595.35003,2.469_283.09665,10.641_400.35768,5.24_188.07056,1.238_150.05837,17.588_223.06359,11.126_357.2792,10.979_253.14531,6.895_230.1399,9.382_405.26482,1.177_185.05684,13.355_315.25417,1.447_175.02483,15.805_297.24358,14.913_295.22793,1.114_134.04726,15.789_365.23087,1.233_151.02622,11.77_331.24905,11.128_283.06134,8.813_201.11332,14.009_421.2962,10.654_193.08708,8.457_243.12383,0.954_149.04557,14.005_489.27129,11.376_313.23857,12.814_309.20726,1.517_227.06743,8.048_187.09766,9.115_475.26822,14.011_505.24895,9.123_407.28054,1.026_133.01428,1.552_267.0736,7.207_173.08198,8.867_234.11364,2.658_300.04667,0.976_227.11506,2.658_164.07179,13.425_221.15476,9.149_271.0613,0.919_181.07181,2.638_147.04519,0.957_215.03285,8.243_193.05068,0.971_251.07732,0.952_59.01386,0.96_218.03323,0.938_152.05783,1.231_290.0883,12.264_311.22291,1.413_180.0667,6.133_179.03505,0.943_101.02441,8.219_137.02444,1.468_73.02952,0.972_249.01484,0.946_132.06665,11.1_591.31949,0.946_146.04592,11.581_277.18098,1.718_278.01816,11.732_195.13914,10.354_331.24917,14.517_299.25924,0.973_176.93603,1.596_125.03569,1.534_130.05101,0.965_209.06672,0.965_96.96959,12.444_391.28538,0.925_151.06124,1.468_117.01935,1.642_103.04008,10.008_329.23351,1.168_111.02005,11.35_361.16333,1.293_155.04628,1.691_130.08739,15.545_271.22796,12.833_291.1603,0.977_220.08263,1.203_135.0313,11.951_431.18434,11.992_361.16324,1.199_122.0248,1.195_174.04089,1.204_119.03503,2.09_165.04182,0.995_287.05411,10.345_451.27054,1.315_133.05068,0.96_253.093,1.366_188.05654,11.35_221.1547,9.632_297.11332,14.809_297.2436,8.928_132.04552,0.975_159.07756,7.239_183.06631,13.319_233.15474,1.204_192.98999,6.742_85.06585,0.939_132.03027,12.45_389.26992,1.637_182.04596,2.013_131.03502,7.517_217.1082,0.938_118.051,6.746_131.07141,1.294_128.03537,7.241_165.05576,12.26_437.2912,11.571_309.17089,1.229_148.04383,1.291_243.06234,1.218_142.05102,1.231_202.07271
S11,Chickpea,0.87081258,-0.182798382,1.2472429,1.0643895,0.55027915,0.87574226,0.2224161,0.17219014,0.28133423,-0.01162607,0.28393272,0.34222577,0.01429789,0.18222159,-0.226079101,0.4976799,0.02650638,0.2098415,1.2834918,0.6638556,1.3226997,0.8291149,0.4667248,-1.13607417,0.59282323,0.01640175,0.14017216,-0.077440911,-1.2436364,-0.09888351,-0.419333881,0.024451908,0.822933482,-0.3605569,0.28550807,-0.19444114,0.14124942,0.5144326,0.31925246,0.1253372,0.71450461,0.8537235,0.58736254,0.171202111,-0.22886682,0.45188351,0.256844881,0.43418559,0.4320179,1.8632863,-0.28630336,0.50016337,1.43051198,0.39487766,1.0996785,-1.572844284,-0.63333602,0.07610604,-0.09253801,-0.105950206,0.01531636,-0.70623823,0.35720248,0.01386645,-0.83829889,0.297803649,-0.67645368,-1.647737,-0.91532872,-0.10694362,1.04226323,0.22546476,1.33119079,0.25273104,0.2568479,0.97039001,1.13370532,1.1243608,0.5876448,-0.448463419,0.5719616,-0.1388722,0.94340707,-0.5186939,0.190978102,-0.86089893,0.40090655,-0.978393516,-0.61530303,-0.9804525,0.384177131,-1.140722536,-2.44672274,-0.22735244,0.4335387,0.23368592,-0.43910189,-1.1226186,-1.5105124,0.5941543,1.4988511,-0.16974823,0.597845035,-0.11604093,0.42444944,0.47703697,-0.88566657,0.17607883,0.32405546,1.57538542,1.50023112,-0.6200589,1.0952283,-0.94768393,0.82094269,0.45764095,1.834548,-0.398305811,-0.72914864,0.23301996,-2.4876679,0.14526377,0.34988425,0.5365636,0.67153832,0.7242932,1.09415751,0.6932138,0.19220816,0.6452162,1.3917588,-0.05634033,0.50036212,0.02889628,0.19185794,0.04710471,0.5481403,0.14380941,-0.06019195,1.244161593,0.04679234,0.98093532,0.63130534,0.78420745,-0.06026741,0.72913958,0.05427601,1.5563073,0.6764206,0.02653654,0.45274515,0.98973833,0.87876376,-0.08432445,0.6856714,0.44178705,-0.9613738,-1.11241805,0.18802,-0.3970732,0.10420988,0.355763708,0.130264149,0.398126476,-0.15675549,0.1219655,0.26049758,-0.847658,-0.4920495,0.20855954,-1.859965606,0.10993159,-0.951647,1.3983286,-0.06460011,0.69483576,-0.109133054,0.193802351,0.6804957,0.16134959,-0.3722514,0.125222958,0.35174267,-0.5740855,-0.78883492,0.44880464,0.23354233,0.131469297,-0.11087951,0.5256227,1.09988768,-0.152460113,0.5433753,-0.150300745,-0.67182028,0.1772468,0.16867668,0.34105345,1.42643447,-0.08425614,0.08586035,-0.64356007,-1.10329133,-0.33234271,-0.676164465,-0.22080063,-0.50434184,-0.25909274,0.152613316,0.2330635,-0.17047259,0.40078055,0.2115642,-1.15957847,-0.4372025,0.31945315,0.04057649,0.30680351,0.24400379,0.38176571,0.384400108,-0.7603332,-0.97723543,-0.72816994,-0.4646223,-0.300317324,0.41618682,-0.04591296,-0.21567541,-1.5582914
S12,Chickpea,0.82945065,-0.026670039,1.2068558,0.6450364,0.19045546,1.00904023,0.02555034,0.33866059,0.37668284,-0.09811652,0.44438336,0.79952377,-0.86832774,-0.20400735,0.067893458,0.4939654,0.085020586,0.5281871,0.8918409,-0.4314692,1.3325498,-0.2275308,1.0429502,0.01068003,0.35942009,0.03145178,0.43123627,0.047969619,0.6166088,0.0300542,-0.159014018,0.047665635,0.736436942,-0.3605569,0.12310377,0.03526613,0.30362797,1.4262632,-0.68604658,1.0639688,0.71710772,-1.5367762,0.32008856,0.157475578,-0.12948331,0.10020519,0.403186131,0.22922743,0.21890818,-0.73936591,-1.26007607,-1.52010376,2.27337976,0.24674502,0.785587,0.43174354,-0.24643859,1.02163313,0.64137175,0.69614767,2.24327485,0.85768125,0.464751945,0.02848496,0.0677541,0.193848413,0.07724755,0.7223651,0.36473749,0.06535115,0.91467708,0.93239026,0.67130628,0.28853355,-0.1793814,0.85799336,0.01492913,1.0782091,-0.5095065,-0.611815823,0.38667,-1.2214583,0.38024527,0.6624095,-0.019652231,0.50174497,0.3043714,1.346524068,0.28814175,0.559665,0.287551943,0.580985826,0.45356659,0.15775429,-0.60167199,0.48516921,0.79892275,1.0473567,0.7013865,0.9563042,-0.6249264,0.68036316,0.819431845,0.18384392,0.87832825,-0.16376184,0.55937932,0.81222548,0.4318897,-0.65436472,-1.9996626,0.9899482,-0.5748792,-0.13023,0.69541418,0.22846793,-1.140419,0.533791821,0.55016489,0.19652448,1.6607105,-0.20102671,0.52327942,0.6583251,0.72833296,0.9121476,0.55038642,0.8557913,0.49102926,0.8936592,1.870624,0.04004781,0.08652767,0.44559591,0.17248304,1.03312352,0.2101638,0.28692352,0.45550029,0.675751924,0.09703151,1.33590069,0.20423096,1.12432572,1.57112695,-0.10115065,0.11304217,0.847821,0.4111994,-0.54303491,0.2337602,-0.69001242,-0.45076843,1.8450538,0.5016863,2.17171149,3.0186519,-0.85868462,1.585414,2.386601,-1.11075685,1.548098027,0.422188395,0.231798884,3.4425994,1.7477547,0.22462969,0.1514471,2.2939082,-1.26229694,0.131822605,0.42751927,-0.951647,1.2902507,0.74573421,0.73270259,0.669678935,0.215777334,0.4132583,0.38761789,0.37680737,0.114420189,0.24396526,-0.121265,-0.03712105,-0.50261782,0.29073417,-0.001080924,0.08325682,0.5478794,0.98946432,0.270872305,-0.606046,-0.908112528,0.47340536,0.3066758,0.71318155,0.54429594,-0.46955408,0.70248192,0.11710136,-0.01413929,0.4969831,0.75171796,-0.212926726,0.62098577,-0.18267621,0.45162549,0.4858578,-0.42445069,1.33297983,1.24694145,-2.23786699,0.55868732,1.9264264,0.64868061,-0.06241782,0.44690649,0.69418577,0.46059468,0.678662251,1.48128111,1.34612802,1.11435836,0.7951558,0.701682956,0.21999145,-0.20185381,-0.29972307,-1.0160325
S13,Chickpea,1.00396489,-0.33699348,1.3203903,0.3619967,0.02753881,0.77343828,-0.329641527,-0.01438273,0.70189756,-0.19945009,-0.85337314,0.69553322,-0.3764515,-0.18444133,-0.471621944,0.66161759,-0.324398139,0.2115495,0.747929,0.8494881,0.9865971,1.0095409,0.8541915,-0.78303292,-0.09782269,-0.32935485,0.7444162,-0.276467717,-0.5445076,-0.27822282,-0.193397287,-0.289597031,0.008934739,-0.3605569,-0.30184886,-0.40765251,-0.65887678,0.6769154,1.18797945,1.0725734,-2.09438976,-0.8246502,-0.73730226,-0.836859173,-0.33173096,-1.81937781,-0.530860809,-0.48800556,-0.46422331,1.20276366,0.75049738,-1.02988825,0.26105316,0.32119767,-2.0326191,0.499388564,1.11894186,1.02555464,0.15717885,-0.005941578,-0.53178665,0.09742417,-0.371120813,-0.34330332,-1.3145174,-0.824296198,0.43970406,1.5299709,0.53303074,-0.23365928,-0.26089109,0.29456289,-1.09211079,-0.0594188,0.44452757,-0.01343483,-0.25823437,-0.0474955,0.8057662,-0.142632541,-1.7052519,0.9613292,-0.08961002,1.5201267,0.252909867,1.14057787,0.46717258,-0.117484172,0.08412894,0.4676276,0.450488748,0.264468095,1.27625058,-0.03438698,0.05561359,0.20177151,0.29212803,0.8848271,0.6911885,-0.3854134,-1.2432748,-0.07959897,0.437088884,0.57766519,-1.29888461,-0.04675052,0.74974349,-0.63833498,0.36493479,-0.50362785,-0.1533983,-0.6776901,-0.5293416,-0.7583196,0.60488268,0.50313922,-1.140419,0.877586182,1.08491649,-0.20582239,1.5833487,0.16793098,0.43335731,0.550289,0.77645785,0.682401,0.52683858,0.9814833,0.20953787,0.7576451,1.4651613,-0.21742558,-0.27747658,0.11843675,-0.17554004,-0.05969258,-0.7071052,-0.30161543,-2.0550727,0.271757872,-0.28990462,1.42814924,-2.50878177,1.23853295,0.81634117,-0.51629587,-0.09049604,-0.867508,-0.257042,-0.5960758,-0.46015391,-0.69001242,-0.92617673,-0.21706426,-0.5165953,0.15675647,0.5564882,0.1330385,0.1605658,-0.531657,0.18539218,-0.51234954,-0.092007705,0.295513836,-1.31113853,0.7420477,-0.27887501,-0.3539954,1.0395534,0.13035626,0.574828905,0.64972647,0.7275809,-0.1397779,0.59053159,1.27903292,0.023647259,-0.188998879,0.5536704,-0.07492201,0.02674136,-0.108248597,-0.75885072,0.0852359,0.07568484,0.44056823,-0.06227282,-0.196965209,0.67771282,0.7854651,-0.15564138,-0.443781796,0.7989117,0.367452789,0.39366466,0.7090084,0.44191241,0.17615903,-0.94780525,-0.24093445,-0.62058645,0.76875992,1.28100519,-0.47499581,-0.772197374,0.51304801,0.62500351,0.88355176,0.55368011,0.58908445,-0.22521609,-0.65982917,0.05309199,0.44471061,-0.1768017,0.32211294,-0.63402424,-0.4354159,-0.79891587,-0.36783203,0.55283834,-0.19449308,0.09754342,0.87449346,0.8537222,0.419594192,0.42766952,-0.2095191,0.05187811,1.0892482
S14,Chickpea,0.84069715,0.038198667,0.4120904,1.0292872,0.86844625,-0.4138924,-0.644740677,0.88772647,0.81025563,0.16491737,-0.69602351,0.15526758,-0.64570346,0.10540792,0.155296565,0.61411558,0.084770577,0.8804988,0.5286311,0.8141519,0.1472689,-0.9259581,-0.9867906,0.09412503,0.35682965,0.15395308,0.64924818,0.143903133,0.6153168,0.14665045,-0.001852111,0.18330913,-0.428242045,-0.3605569,0.03490419,0.33657546,0.08156162,1.3893352,-0.68604658,0.5233239,0.80564628,0.4677208,0.34274723,0.146628349,0.46427264,0.42729223,-0.088022819,-0.69469077,-0.64109387,1.84225229,0.09866326,0.49556219,0.59112692,0.09966927,1.2913392,-1.003213646,-0.28559319,-0.62051525,-1.48178104,-0.944522373,-0.07360741,-0.10959798,0.390733422,0.31262206,0.47667461,0.212028558,-0.18092705,-0.9533882,0.78570801,0.24768371,-0.68703772,-0.34420345,0.20088213,-1.91485079,-1.04291129,-0.95898643,-0.06581854,-0.3095952,-1.1189201,-0.540682908,0.5809723,-0.7825485,-1.1742362,-0.3062238,0.184629915,-1.67479264,-0.29282482,0.204997516,0.07603472,-0.9643417,0.065499387,-0.058685622,-1.90604238,0.29444814,-0.04664215,0.32337805,-1.01176338,-1.6884309,-1.5105124,-1.7944639,0.6888474,-0.63338128,0.007056786,0.28115523,-0.97678481,-0.26664879,-0.88566657,0.62143727,0.79459154,-0.33957235,-0.10612485,1.5677863,-0.5982924,2.6528088,0.30151286,0.05008985,1.01968,-0.926599645,-1.87533455,0.45033343,-0.630611,0.36742513,0.70613179,1.0602211,-0.01271508,-0.6947072,0.95570133,-0.8150832,0.72009401,1.4522634,-1.0396388,0.0947643,0.34274193,0.19111238,-0.36925954,0.28398585,0.2902649,-1.24623416,-2.41288402,0.808575919,0.1785355,-1.07406533,0.40678215,-1.79998961,0.60307886,-0.21323511,0.2191305,-0.968046,-0.5563373,-1.01133701,-0.61785987,1.5269536,1.20857598,0.77830968,-0.5373096,0.83219173,-0.9613738,0.42306222,0.5547609,0.6000186,0.24111462,0.035788129,0.057703795,-0.009107599,-0.03266078,0.4115036,-0.81381278,-0.4639211,-0.2236555,-0.0803077,-1.454681829,0.57289261,-0.951647,-1.0745132,0.62635487,2.41075816,-0.978877588,0.786303986,0.7192803,-0.28068168,-0.25488372,0.538323963,0.31978409,0.3818851,-0.33365048,-0.14393345,-1.93287331,0.094219187,-0.22734686,-1.6916507,-0.42218202,-0.272785625,-0.606046,0.189718671,0.64286134,0.6375378,-0.18421399,0.56560871,-0.03152131,-0.48639466,-1.67941436,-0.07716715,-1.8005538,0.1260365,-0.421384356,0.41989595,-0.36945297,0.81951879,-1.079056889,0.36251379,-0.01859034,-0.70922233,0.43706984,0.80369458,-0.5255356,0.11280352,0.39188745,0.61710654,0.46841716,0.4062618,0.046443648,-1.90471358,0.19513201,-0.90168329,-1.422031,-0.638577202,0.04983992,0.65273897,-0.61752384,-0.901698
S15,Chickpea,0.81745074,-0.310685751,0.9605713,0.5627487,0.38304511,0.4173344,0.009326576,0.38461883,0.63256092,-0.22588947,-0.707307,0.73996187,0.07662752,-0.82245925,-0.218909886,0.46166932,-0.334729653,0.5305145,0.439155,0.7582833,0.9829049,0.9410736,1.0962717,-0.25243489,0.45165749,-0.20322925,0.46027827,-0.235917503,0.6535224,-0.20209001,-0.216142589,-0.223102337,-0.263473797,-0.3605569,-0.39864884,-0.24762409,0.13849444,-1.0432769,-0.68604658,0.4688468,0.71980927,-1.5367762,0.48348027,-0.010168313,-0.28619004,0.33241343,0.008064803,-0.81997857,-0.74246026,-0.73936591,0.40417789,-0.52012887,2.59091877,-0.01866133,0.9188786,-1.155315319,-0.47808411,-0.02940443,-0.25980257,-0.390939398,2.02482819,0.85007961,0.38970108,-0.10659221,0.08701294,0.128495164,-0.66505474,-1.647737,-0.07365688,-0.09851032,-0.42164908,-2.34139543,0.51787977,0.12056033,-0.14039187,-0.37475323,-0.44353693,-0.4967367,-0.1628608,-0.682529686,0.5608706,-1.1002646,-2.83048855,-1.8371151,-0.047881797,-1.77110707,-1.76024963,-0.449410037,-0.26881184,-0.9243344,-1.803973602,-0.04608772,-2.44672274,0.02002737,-0.73347896,0.15287364,-0.46383899,-1.6884309,-1.5105124,-0.3482386,1.0961848,-0.58512354,0.207477101,-0.27700856,-0.07576415,-0.59708467,-0.88566657,-0.26594024,-0.03826804,1.93183663,0.04000942,1.3284118,-2.2121996,-0.38499562,0.30891059,-0.13830137,1.232701,-1.023928899,-2.49840117,0.07189706,-0.606949,0.1675448,0.58361818,0.3463486,-0.05635853,0.1799197,0.20827895,0.1123385,0.23440573,0.650597,-0.9711857,-0.09416945,0.37411295,0.08216454,-0.02919971,1.22129082,0.3557306,0.01818337,-0.04107675,0.216874919,-0.17176392,-1.29859856,0.2772973,-2.03635081,1.59162083,-1.14495932,-0.35473785,-0.9058896,-1.1907962,-1.49377423,-0.78659345,1.1091389,0.11204094,1.44501875,-2.0598209,2.36675214,3.0663719,-0.7446018,1.8373562,2.6104296,-1.86361373,1.788686107,-0.757791711,-0.128632762,3.19944967,1.9427558,-0.08666692,1.0121625,1.8479478,-0.78841712,-1.391211483,0.29006521,-0.951647,-0.676058,-1.08695258,0.27992221,-0.395882464,-0.136417007,0.5020663,-0.17448718,1.64237008,-0.036671862,0.18992967,3.5310853,-0.01135655,0.25364936,0.1085531,-0.465496074,-1.8441716,0.8724026,-0.27311728,-0.01984884,-0.606046,-1.901353406,-0.34158931,1.1337714,0.85570054,0.50163658,0.99948519,1.08863299,0.07909884,-0.50162576,-2.36361512,0.63787224,-0.112080377,0.21830442,-1.61543392,0.62046533,-0.350451425,-0.48292935,-0.5467246,-0.60201815,0.4965049,-0.33250045,-0.7161509,0.53130461,-0.05147183,0.22498712,0.5290956,-0.11991451,-0.001226996,-0.67474161,1.23217838,-0.88953362,-1.0651739,0.368178164,-0.12758206,-0.51711544,-0.41568508,0.8312794
S16,Chickpea,0.86586118,-0.631252039,1.2066876,-0.135656,0.03420041,0.60312575,-0.391828285,-0.30631682,-0.75516381,-0.48687426,-0.91560364,-0.08563626,0.12022524,-0.37542499,-0.776592354,0.18519823,-0.701521291,-0.3352785,1.1715525,-0.8038734,-1.592819,-0.4608467,0.9526831,-0.43081763,-4.16558859,-0.7212791,-0.09929343,-0.642483618,-1.2436364,-0.70958884,-0.056083975,-0.728897898,0.154939632,-0.3605569,-0.71683214,-0.84603945,-1.29614738,-1.0432769,-0.68604658,-1.5375362,0.02029983,0.7349711,-3.49541182,-1.581802891,-0.74076272,-2.54038722,-0.270483229,0.73003458,0.72526211,1.43664976,-1.26007607,0.19683699,0.98703034,-0.65959056,-1.8684624,-0.596382402,1.18055996,-1.25999114,0.06206034,0.008521239,0.50048828,1.2593742,-2.794210869,-0.40968373,-0.25085747,-1.854577335,0.20378669,1.5129125,-0.02042232,-0.58573378,0.57633935,-0.49028869,-0.11630919,-0.29789329,0.49013588,0.6352673,1.17714561,0.804727,0.6143191,0.810756203,-2.031294,0.8040374,0.02125314,1.7272227,-0.056115157,1.28581575,-0.07665668,0.952686275,-0.09888103,0.4983966,-0.094187251,0.399016839,1.02734256,-0.28186281,-1.79039889,-2.47537567,0.5296749,1.0036222,0.7626779,0.7491981,0.775114,1.31491491,0.94116999,-0.37890324,0.61548959,0.49118704,0.87843459,0.09075222,-2.75255502,-2.59460802,0.72095615,-0.7858087,1.0682929,-0.42171344,-0.50312336,1.30397222,-1.140419,0.765680154,0.65048558,-2.03786025,1.5485193,0.48382731,0.13634111,-0.896615,0.47190666,0.5278086,-0.24175312,0.6762994,-0.24245958,0.5658629,1.7789941,-0.80684254,-2.92670848,-0.17314465,-1.06730441,0.2623366,-2.3520994,-0.52430063,-0.37537484,-2.116694571,-0.88265447,1.16869675,-1.82392819,0.92715509,0.09084769,0.54765453,-1.21220698,0.4361982,0.8967904,0.56772967,0.70527717,1.37363589,-0.06699408,0.74237026,0.8806421,0.41337487,0.8682428,-1.52617036,-0.2505857,-0.2687105,0.15983429,-0.663456219,-0.240469615,-1.38773667,0.38832617,0.2602667,-0.48934795,1.2491377,-0.5273124,0.09799673,-0.617965278,-0.33919565,-0.951647,1.167063,0.04030516,-0.18320578,0.02235297,-0.690257,0.1634175,-0.94217254,-0.13655849,-0.565685864,-2.10712327,0.1937853,1.69941637,0.60592873,-0.28945165,0.960260755,0.21514955,-0.4005447,0.79044218,-0.160127085,0.3652054,-0.925717407,-0.11720509,0.1373577,0.08759499,-0.19352411,1.26432303,-0.09370521,-0.21232064,-1.39170043,1.09520441,0.34643382,-0.709745169,-0.94192862,0.27324447,-1.9466369,0.115129199,-0.32103291,0.86791083,-0.2237598,0.20912007,-0.16398819,1.3213494,0.79058922,-1.47686431,-1.15457545,-0.45363395,-1.2274292,0.856416099,0.88886783,-1.73303836,-0.01626454,1.0727637,0.612799349,1.23287928,0.94535238,0.39440806,0.6771867
S17,Chickpea,0.95524323,-0.246516327,1.3590529,0.5876015,-0.14041698,0.81129976,-0.195061564,0.0421084,0.38088354,-0.20746675,-0.07611138,0.67298404,-0.14144518,-0.11185122,-0.192609709,0.5650901,-0.29141088,0.4414908,1.080604,0.9736105,0.9096729,1.2425892,0.7955159,0.35343619,0.21468259,-0.29684289,0.33855651,-0.260430056,-1.2436364,-0.25154596,0.042679023,-0.282429677,0.5633814,-0.3605569,-0.28615141,-0.32311738,-0.0920447,1.140751,-0.68604658,1.0203956,0.6203564,0.5976284,0.05454178,-0.087726185,-0.29615123,0.00755179,-0.637136009,0.71952117,0.71760993,-0.73936591,0.57405399,-0.97715641,-1.83101871,0.32625565,-1.9205625,1.3057943,0.92668186,1.01380354,0.59627661,0.707677733,-0.42385153,-0.0793229,0.223258135,-0.13573684,0.14619034,0.004209221,0.3172749,1.1953387,0.11898338,-0.10794893,0.1437545,0.28888068,0.02107874,0.09190118,0.51771381,0.11683077,-0.34107603,0.4755039,0.7662285,0.319022775,0.1911135,0.8206577,0.29666747,1.1373141,0.066772746,0.74756352,0.35217464,0.400354812,0.02694947,0.5110389,0.335403458,0.399853284,0.98408983,0.06681203,0.43622454,-0.1473837,-0.17267899,-0.7181321,0.5801563,0.7485108,-1.2432748,0.40388872,0.479913999,-0.29599829,0.58229863,1.0146406,0.82638295,0.14114021,0.201855,-0.39431497,0.95943732,-0.6419656,1.7095671,-0.05919104,0.58614178,0.56297188,-1.140419,0.566122696,0.82819868,0.17368601,1.8299577,0.04790367,0.33786064,0.3087469,0.44784802,0.7075887,0.54934144,0.6516461,0.489957,0.7168836,1.8342657,-0.33337401,0.09572089,0.012118,-0.21767808,0.52910743,-0.1463695,-0.04623939,0.10326202,0.543822292,-0.36084742,1.37380905,-0.10106267,1.16525724,0.68877712,-1.4962297,-0.19979567,1.3438781,0.885465,0.71754561,0.69729409,-0.69001242,1.01884037,0.21105675,0.8752187,0.3992305,-0.9613738,0.31940246,0.5892878,-0.1305616,0.10565999,-0.188710941,0.407091162,0.296820827,-1.31113853,0.5003585,-0.25365435,-1.2442084,-0.4206297,-0.12490981,1.339260762,0.28862672,1.063313,0.834111,0.50606932,-0.53230195,0.701928012,0.101880352,0.6065598,0.1615817,-0.057887,0.05388267,-0.08796993,-0.4839482,-0.64603791,-1.11868412,0.09757469,-0.095144836,0.34071904,-2.2570797,0.29277547,0.261792233,-0.606046,0.64400924,0.15600404,-0.8819516,-1.13181191,0.24398595,0.5786448,-0.1513508,0.17718579,-0.01842721,1.05103943,0.88777234,-0.321949225,0.1658842,-0.03459417,-2.10856128,-0.008743877,-0.59823435,0.42739948,0.25078684,0.34042272,0.27117498,1.3127184,0.43383448,0.15788342,-0.33071705,-0.83961308,-0.47456698,0.482734879,0.95289701,-0.54590274,0.52163925,0.8333164,0.005643809,0.44837632,0.02694631,0.41532932,0.9854256
S18,Chickpea,1.00958288,0.080158732,1.2657994,-0.1199266,0.518483,0.9837157,0.396944775,0.96760931,1.09147798,0.16020535,0.45060954,0.07763584,-0.23675318,-0.13954028,0.433615748,-1.05728088,0.338555523,1.0677443,1.583539,0.9280121,-1.4893027,1.2866707,1.1389125,-0.2917725,0.15336427,0.4176065,-0.96026338,0.416952057,0.4354764,0.42190899,0.238398166,0.379878531,1.041124105,-0.3605569,0.35552972,0.37036135,0.1549963,1.1436844,-0.68604658,1.5024285,-0.22672166,0.2232977,0.02084421,0.319303551,0.43077296,0.56763228,0.464665428,1.14112949,1.1331024,0.19965972,-0.42973437,-0.12206517,-0.47342109,1.45697825,-0.7390252,-0.158350284,1.27032688,1.65812784,0.7348853,0.889182738,-0.17243426,0.6274482,0.20656093,0.19813213,0.74564825,0.332418551,0.54595947,0.5708087,0.66566444,0.49392363,1.2102649,-0.67112489,-1.09211079,0.60505886,0.49932849,1.13542446,-0.15900855,1.3164275,0.7666021,0.231078573,0.2126719,0.8848446,0.66795718,-0.3363498,0.528303087,0.18448186,-0.30093709,0.407823544,0.42951222,0.1463818,-0.319255983,-0.050292784,0.44246236,0.25533566,1.49478484,0.37547894,0.47605726,0.6387301,-0.6327417,0.5573942,-1.2432748,1.102202,0.166455598,0.33369121,0.50022864,0.98009038,-0.88566657,-0.42648372,-0.96027147,1.283931,1.18181832,-0.4547626,1.6929111,-0.14533081,0.0735683,0.16150722,-1.140419,-0.362785844,-0.43710428,0.05829197,-0.9131875,0.6890023,0.81638215,0.8708257,0.60513031,1.0285244,0.08225107,0.787038,0.60431993,0.9628734,0.7323891,0.22994455,0.15103566,-2.21696834,0.36756096,0.45684386,0.1082321,0.41660823,0.69764875,0.820793089,0.4007207,-1.05034686,0.10266102,-0.17721343,0.34399026,0.16708444,0.46779362,2.1001111,1.1986135,0.54096066,1.13014695,-0.69001242,1.50856939,0.33856678,1.2243022,0.30720594,-0.9613738,0.13439291,0.3537213,-0.2968756,0.69502766,-0.832969387,0.714939742,1.509843027,0.75759409,0.4862238,0.08201136,-0.3460518,-0.3795313,0.62013856,-0.007023728,-0.89537742,-0.951647,1.4084316,-1.08695258,-0.83507594,0.761775222,0.377890788,0.8104936,0.52601822,0.36941876,0.378930075,0.37380391,-0.1537654,-0.68762261,1.30162477,0.56820644,0.280106959,0.8438696,0.6292937,1.21841407,0.565290069,0.7542526,0.56281548,0.76742561,0.4675305,0.27021069,0.88106046,-0.81587432,0.31865351,0.48321693,-0.62444266,0.3208384,0.01566457,-0.569196341,-0.45719451,0.32268004,0.83640899,0.322482932,0.04568117,0.83622084,0.30118218,0.12775092,0.86115155,0.4749186,-0.58679034,1.10210956,0.72887845,0.18440008,0.8494637,0.259533307,0.71021433,0.22714706,0.47968645,0.7738664,0.396962813,0.12442791,0.95143132,1.1157787,0.9622729
S19,Chickpea,0.8006442,-0.563707715,1.0952206,0.7044009,0.46162045,0.62706924,0.016105793,0.1669103,0.23400829,-0.73647768,0.01859478,0.4436414,-0.28870326,-0.48714077,-0.224927974,0.0956446,-0.287471465,-0.1185127,0.6571548,0.810265,1.3569647,1.0544547,-0.9867906,-0.92279639,0.2414808,-0.34418598,-0.16906337,-0.237124625,-1.2436364,-0.26625896,-0.2897701,-0.354689599,0.196796874,-0.3605569,-0.24731804,-0.37746835,-0.21404515,0.8677394,-0.68604658,0.3959711,0.68934513,-1.5367762,0.13399759,0.129502687,-0.33148087,0.34670575,-0.016749449,1.01559188,1.00451903,-0.73936591,-0.14220245,0.58138634,0.01514286,0.39240765,0.7541324,0.005972451,0.00606158,0.90562539,0.33851438,0.332994735,-1.22471593,-0.56340165,-0.308678466,-0.19262257,-0.53794909,0.237798334,-0.36221482,0.1925112,-0.9542843,-0.24142619,-0.11582474,0.11346467,0.27654135,0.13301963,-0.03775155,-0.06385146,-0.21264264,0.1496192,-1.0084945,-0.390283805,-0.300428,-0.935349,1.20292357,0.5636879,-1.250237905,0.62758422,0.18135539,-0.382037165,-0.9328117,0.594137,0.16437477,0.381756687,0.34111172,-0.01051805,-0.63147582,0.18992393,0.04918774,1.0881237,1.1601968,0.1363254,0.4112179,-0.68591326,0.125849512,-0.03973368,-0.69422712,-0.7027692,0.61685919,-0.79854892,0.41654191,-0.02196143,0.25751794,-0.6648452,-0.8829371,-1.5052316,0.18906699,-0.16147922,-1.140419,0.28508018,0.98223335,-0.18724687,-0.5055043,0.07604611,0.34158131,0.5959909,0.35928586,0.7713823,0.49481025,0.4942902,-0.37140653,0.7815711,0.6731646,-0.1708965,0.16591953,-1.11762547,-0.52387508,-0.33987455,-0.1047953,0.02661793,-0.04452695,-0.745537551,-0.15045365,0.97677722,0.02815064,0.75426786,0.54898696,-2.31140984,-0.1161958,1.6344699,1.1214123,0.58660328,1.00082247,-0.69001242,1.53068757,-1.10914309,1.1161916,-0.22216196,0.5165955,0.53197391,-1.659658,-0.3776864,-0.09986711,0.513741645,0.332545446,0.369137078,-0.55179434,-1.6978233,0.25514823,-1.9665386,-0.4586215,-0.74859575,0.196909217,-0.40036019,-0.1193681,0.4861996,-0.21340554,-0.35014371,0.355208669,0.006170547,-1.0714634,-0.35312025,-0.40836278,0.050375996,0.20699231,-0.5139456,-0.7395682,0.34513823,0.16808676,-0.746335573,0.53843995,0.8678054,0.05195635,-0.001065772,0.4161371,0.436695447,-0.75844568,-0.8819516,-1.13181191,-2.06863064,-1.15427144,-0.45947938,0.82905817,0.48688011,0.38821679,-0.29938185,0.681532572,-0.6718854,0.17176325,0.34182407,0.135166432,-0.52568593,-1.05671821,-0.1884425,0.33062857,-2.09387873,-0.1709552,-0.13260204,-0.54444094,-0.31163375,0.10611983,-0.63594037,0.00687508,-0.05842185,-1.73303836,0.18635333,0.8105311,-0.454912699,-0.19002859,-0.48363714,-0.93492636,-2.1522547
S20,Chickpea,0.83438482,-0.332464691,0.6388493,0.2869125,0.05593412,-0.5949252,-1.984310777,0.56218815,0.39901354,-0.03463277,-1.26309323,0.03237213,-0.06732103,-0.4843692,-0.310594796,0.24731731,-0.134006782,0.2187231,0.7968844,0.750659,0.5362531,1.2098207,0.8544988,0.03844072,0.52633977,-0.17058126,0.37204457,-0.156558154,0.5255621,-0.14822977,-0.332649796,-0.170535328,0.043248193,-0.3605569,-0.18002336,0.05865016,-0.24796745,-1.0432769,-0.68604658,-0.1453495,0.989816,-1.5367762,0.57496536,-0.037341144,-0.01506729,0.18451929,-1.412576311,0.52515283,0.52285555,-0.73936591,0.60940052,0.1353769,0.46110033,1.04593153,0.9684725,1.055192272,-0.64670013,1.23382858,-0.09040705,-0.193113162,-0.40769147,-0.46485005,0.382522686,0.08709054,-0.12173749,0.000936752,-0.16859035,-0.1207223,0.19316144,-0.1037265,-0.33638123,-0.5490876,-1.09211079,-0.69059079,-0.17099382,-0.21996323,-0.48381696,-0.1422015,-1.1694382,0.360950292,0.4808694,-1.0118611,0.37031588,-0.6909782,0.602647804,-0.54497666,0.16484789,-0.534595261,0.61191965,0.6610444,0.147841239,-0.083934295,0.59924352,0.22510794,1.44716661,0.24542804,-0.03734775,1.1306072,1.1353428,-0.1116562,0.5196586,0.07727514,-0.081040118,0.47383051,0.16881168,-0.62884669,1.12635359,0.12100502,0.31538051,-0.525058,-0.90422591,-0.4518758,-0.6241378,1.97389022,0.20753817,-0.02216717,1.037447,-0.879952806,0.07643616,0.19994765,1.220853,-0.23632474,0.06374052,0.7578348,0.3364712,0.4597309,0.17995155,-1.9068304,0.53058063,1.2169462,1.2350973,-0.21354927,0.46194168,-0.13975635,-0.14459905,-0.03427918,0.442443,-1.07576169,-0.17851264,0.140812319,-0.40203547,-0.07076278,0.54911659,0.20657848,0.56915327,0.22346609,-0.29209545,1.1290851,0.725065,-0.99182505,0.47440526,2.07956672,1.41911222,0.1688821,0.7017413,-0.01047511,0.3061831,0.42116185,0.1008457,-0.4458469,-0.58990801,-0.006948749,0.06146341,1.075603483,-1.31113853,-1.1018369,0.13301858,-0.6825175,-0.430448,0.56687407,1.061469769,0.26611282,0.7778643,-2.1196327,-1.08695258,2.21163959,-0.194895515,-0.121373439,0.7454264,-0.51028269,-0.17258909,-0.083007374,0.15097761,-0.4248677,-0.31309604,-0.08676277,-0.66409452,-0.071259107,0.93509282,0.7626635,-0.27001401,-0.013373104,1.316978,-0.295167095,0.16634039,-0.8819516,-1.13181191,-0.81477865,-0.90191999,-0.44450728,0.04330827,1.30791583,0.60016622,-1.4122569,2.267231943,-0.13192735,0.63456272,0.05107185,0.058015547,0.73632849,-0.52861166,-0.0295732,-0.22831292,0.22557942,-1.7272427,-0.07916474,0.36809998,-0.49861162,-0.31681144,0.0433942,-0.029029707,-0.93354036,0.04694395,0.28188878,-1.0559099,0.002532465,-0.0368193,-1.21132579,0.22036555,1.2182293
S1,Control,-0.99070934,0.441452301,-1.1311418,0.1795918,0.18531701,-0.22001483,0.443558195,-0.48286203,-0.74937625,0.19023908,0.52718477,-0.42675893,0.5603641,1.03241769,0.258124521,-0.59418915,0.321796008,-0.3104575,-0.9097128,-1.1432599,-2.1761341,-1.5515056,-0.9867906,-0.56111126,0.63013554,0.25766967,-0.36762472,0.216202327,1.0966205,0.24984335,-0.408240227,0.288759517,0.316820784,1.4617515,0.35497804,0.13580307,0.40324825,1.118118,0.84125512,-0.9441253,0.68742593,0.8138705,0.87029044,0.413327218,-0.02060748,0.70445779,-0.056653176,-0.89552379,-0.84368149,1.07298357,-1.26007607,0.34524418,0.36636261,-0.43640916,-0.3452923,-2.174494524,-1.61757454,1.42427901,-0.146401,-0.315004113,0.51908995,-0.18851452,0.50456198,-0.05173738,-0.39675413,0.442242738,0.31535169,-1.647737,-0.29565625,-0.31520042,0.38403589,0.57471326,1.28882904,0.30484691,-0.22261882,0.42946956,-0.07623603,0.7273928,0.844791,0.090142992,0.6529768,0.8416761,0.6651981,-1.8371151,0.889111158,-0.41574085,-0.07268699,0.010442578,0.1421055,-1.0853552,-0.090206516,-0.717190832,-0.04954347,-2.19270289,0.53799923,-1.54505029,-0.02268234,-0.18363,-1.5105124,0.2743617,1.3366059,-0.38571012,-2.292386628,0.03404725,0.38033134,-0.68114685,0.55433893,0.18064759,0.09684032,1.50187499,1.50681056,-0.5439872,-1.2167826,-0.95523644,-0.32922206,-0.53542865,1.356705,-0.045491092,-2.49840117,0.52243929,-1.9256835,-1.0632764,-2.48707985,-0.2748046,0.29687166,0.1287824,0.22613615,-0.1888444,-0.43907786,-2.538751,-1.132932,0.38582426,0.69758038,0.45002656,0.42176135,-0.51183612,0.655492,0.41517263,0.33314805,0.056909408,0.38913238,-1.34885359,0.74327952,-0.15337511,-1.47609935,0.49927471,0.37405468,-1.1392707,-1.7612678,0.84603587,-0.90204359,-0.69001242,-1.23641383,-0.77421315,-1.7437162,-0.8143589,-0.9613738,0.33726118,-0.5789366,-0.3059744,0.17568779,0.576649039,0.156865119,-0.566203032,-1.31113853,-1.6978233,0.17897339,0.6464899,-0.4048719,1.11092809,-1.538111842,-0.01949027,0.516003,0.8147515,-1.08695258,-0.96517032,-0.299317323,-0.027421677,0.2231402,0.04935077,-0.06932963,0.095880527,0.37498903,-0.3398955,-0.63173242,-2.06314012,0.30440461,-0.255539044,-1.8441716,0.4256776,0.60544128,-0.142189616,1.2040106,0.636094079,-0.34895881,0.8742258,-0.0327328,-0.12295946,0.19321793,0.18807176,0.07252952,-0.24654467,-0.13879296,0.48205042,-0.5932647,0.05156831,-1.61543392,-1.16577052,0.277415333,-0.36180521,0.19310144,-0.05913364,0.42979367,-0.08847492,-1.7272427,-0.33507175,0.64095148,0.49380614,0.22751183,0.57554945,-1.390896638,-0.14444271,0.34677627,-1.78806741,-0.3270663,0.10137158,-0.48697412,-0.14352488,0.10414795,-1.5520685
S2,Control,-0.06377066,0.511367506,-1.1618058,-0.7229548,-0.13432545,-0.09680252,0.272905897,-0.01610222,-0.08206821,0.38035084,0.65275123,-0.22098436,0.84390662,0.66068091,0.447680235,-0.21267771,0.37510217,-0.1320669,-2.6002738,-0.7242601,0.1446645,-1.5515056,-0.9867906,0.77142529,0.35302377,0.33716059,-0.15489686,0.345763533,1.1605776,0.34946003,0.316617854,0.358640595,-0.027637208,1.6954519,0.32601157,0.43107232,-0.32270136,-1.0432769,1.70760939,0.7959863,0.56257457,0.8720674,0.21081519,-0.399152699,0.50261075,-0.40015271,0.07501,0.06721267,0.09218221,-0.73936591,1.03904081,0.12950171,0.83171011,-0.20960216,0.4740617,0.777683505,0.64939331,0.04608542,-0.19629063,-0.34196841,0.28475692,-0.11984271,0.005564493,0.22194302,0.09081026,-0.20955953,1.19635951,1.9981495,0.4039708,0.5345721,0.06317241,0.69710112,1.3450099,0.3535563,-0.34436607,0.10934536,0.04841149,0.4217967,0.5374879,-0.103141224,-0.7072318,0.4939389,0.66440719,1.6775158,0.495779345,1.31983626,0.01165389,1.19851148,0.03187686,0.6978539,-0.005651545,0.466602252,1.28158082,0.36713647,-0.15671678,0.82388789,0.78384414,1.1606725,0.7480566,0.8471942,1.3846065,0.79792789,0.014823837,0.94431726,0.74977285,0.09068242,1.35100566,0.38111437,0.3183863,-0.59815475,-1.9996626,1.0521192,0.5858646,-0.03456993,-0.25643568,-0.42474081,1.54579,0.74443774,0.76663264,0.42584233,0.5238831,0.12834871,-0.05463471,-0.2755289,0.37864242,-0.1416638,-0.67057316,-0.4844331,0.08800148,-0.5110239,-0.4029887,0.33746397,0.1394301,0.69830812,0.29106435,-0.27992421,0.1966181,0.49026833,0.72685763,-0.181346007,0.31187436,-0.19800298,0.08168759,0.01220675,-0.77958815,1.01290016,0.02395063,-2.0053289,0.3486332,0.42651683,0.04640241,-0.69001242,-1.17415818,-0.15511059,0.3806511,-0.4465962,-0.026656,0.78753476,0.204675,-0.248262,0.47611396,0.075473653,-1.010316543,-0.312655552,-1.31113853,-1.6978233,0.31256406,-0.6646246,0.1455767,0.69854147,0.507207635,-0.02022995,0.5001645,0.2062744,-1.08695258,0.06103792,-0.297956243,-0.035901923,1.5960662,0.2324961,0.22525271,0.108605032,-0.14160117,-0.3671211,-0.44984824,0.19810388,0.32021315,1.250231435,-0.96718364,0.3791455,0.27001155,0.396305699,0.676177,0.191573765,0.53834974,0.1034035,0.86407123,-0.09577846,0.71989337,0.29390352,-0.10455692,0.5346872,1.43381902,-0.099665,0.305302047,0.59570898,0.30397035,0.48290591,0.596241971,0.53705101,1.16142827,-0.51864862,0.13131827,0.68929332,1.8404146,-0.20275899,0.55206573,0.43992795,0.47502108,0.69719053,-0.006377663,1.40293614,0.38625228,1.21303251,0.6797079,-1.642524445,-0.38583882,0.72687621,-0.19495258,-1.5924902
S3,Control,-0.71748678,0.430662924,0.2547485,-0.1767756,-0.43993852,0.37924825,0.372957313,-0.46158523,0.33765521,0.2876352,0.30246871,0.05500285,0.53867733,0.3867015,0.339000505,0.51665263,0.251359586,-0.1553588,-1.3727842,-0.0142359,0.8423797,-1.5515056,-0.9867906,-0.15851457,0.45651373,0.26730067,0.08667882,0.270043432,0.9985272,0.27355567,0.281353154,0.259704077,-0.651285996,-0.3605569,0.24613456,0.25323079,0.18877428,-1.0432769,0.06332884,0.616214,-2.09438976,0.7178002,0.42698695,-0.070956332,0.24035231,0.1733337,-0.328818483,-0.8024104,-1.18554028,-0.73936591,0.94228255,0.33388649,0.79570687,0.16844224,0.2513071,1.300461422,0.84010192,0.96961103,0.02511106,0.013559121,0.13463463,0.11933867,0.296006793,0.09047001,0.31607673,0.042204718,0.79720695,1.5789484,-0.16424635,-0.45352752,-0.35191353,0.59831024,1.19274632,0.28125698,-0.65989419,-0.04100493,-0.04776395,-0.2844094,0.8493652,-0.086624155,-0.6708435,1.0067709,0.31831998,1.3679295,1.048621672,0.97243573,0.29854075,-1.28471852,0.06612181,0.6857459,0.28171489,0.505084301,1.39345525,0.32086649,0.25455063,0.77742245,-0.15838012,1.0508924,0.8783037,0.1508721,-1.2432748,-0.48234596,-0.323527956,0.5370543,0.05262749,0.28842644,-0.07846617,-0.42482533,0.360949,-0.98115328,-0.41366365,-0.5179155,0.943621,-0.19485935,0.39958514,0.24417003,-1.140419,0.91710299,1.02701771,0.20740972,0.9291647,-0.54768703,-0.03661436,-0.2764079,-0.91922505,0.1358642,0.05180358,-0.3948214,-0.07519735,-0.2294862,-0.3826543,0.34274021,0.37622965,0.34123792,0.14917799,0.08767258,0.3306158,0.38210379,0.62638272,0.122046686,0.29184314,1.01992912,0.37715702,0.78710494,0.71199912,0.5634924,0.24912026,-0.7403103,-0.5488405,-0.70101445,-0.70637542,-0.69001242,-1.29059509,-0.51535468,-0.5060586,-0.0553202,-0.9613738,0.40894627,0.2865593,-0.3416798,0.51143377,-0.219761436,0.205373943,0.065096403,0.54136462,0.6929096,-0.01413164,1.586786,1.2762162,1.16424009,1.365447484,0.21971499,1.1177027,-0.7277946,1.04986432,0.23460102,-0.002837997,-0.144586668,-0.2553592,-0.08231217,0.19511712,-0.413645334,0.11114439,-0.4723621,2.02627315,0.27166155,0.30519223,-0.312248131,0.52884025,0.7491084,-0.33233308,-1.752442712,-0.606046,0.619878968,0.02455157,-0.8819516,0.21515265,-0.42113746,-0.06509771,-0.08618703,0.46206634,1.00599479,1.26284155,-0.30133241,-0.512378194,0.6846165,0.40558846,1.05427497,0.558334179,-0.26957319,-0.71668542,-0.29882541,0.0648007,0.23600717,-1.1286966,0.18183768,0.6229026,-0.08912392,-0.28461456,0.2469251,0.281290786,-0.33215641,0.39902043,-0.04791434,0.4645693,0.402368738,0.28753143,0.30657872,0.35939972,0.3207502
S4,Control,-1.05866967,0.433962772,-1.7033881,-0.2898256,-0.14048454,-0.34207507,0.039014528,-0.01229303,0.07254551,0.40236886,-0.16518371,-0.84780241,0.02014209,0.35882717,0.375610214,-0.0813502,0.345389363,-0.1991838,-1.3657903,-1.9298198,-0.4404722,-1.5515056,-0.9867906,1.10276826,0.67312475,0.40014399,0.12226416,0.305838641,1.123348,0.38545236,0.173952713,0.442398326,-0.997177646,0.6736111,0.26109939,0.61188351,0.44757018,0.7560699,-0.68604658,-0.4984225,0.12151587,-1.5367762,0.81836055,0.30665814,0.58486306,0.53609907,0.15308459,-1.2853571,-1.2156498,1.31027461,1.03479147,0.08840727,-1.83101871,-2.32104661,0.9479905,-1.505088174,-1.36583234,-1.25999114,-0.67977816,-0.787099118,-0.32083988,-0.22756256,0.523445877,0.4081166,0.817578,0.33996817,0.24525895,-1.647737,0.56689933,0.45053915,-1.1610393,0.40130971,-1.09211079,-0.1543801,-0.57890639,-1.53181905,0.04447666,-2.2615335,-0.5610984,-0.272149035,0.7435931,-0.3581899,-1.27574959,-1.3104691,0.007377737,-0.99266567,-0.23441562,0.08602501,-0.20740569,-1.1529147,-0.252464414,0.014667213,-0.13846199,0.10251035,0.18115632,0.1769065,-0.57080748,-1.6884309,-1.5105124,-1.0303085,1.1778232,-1.19023314,-0.092793337,0.27990271,-0.62736685,0.26980054,0.92540581,1.04315788,0.73842971,-0.54983478,0.05013057,1.618091,0.8892161,2.61260678,-0.31171903,-0.5402891,1.428945,-0.774990779,0.24921661,0.57889349,-0.7182614,0.57106741,-0.31971918,0.2901108,-0.07424895,-1.2284422,-0.45836659,-0.9551183,0.41885071,0.888204,-0.9390218,0.44395717,0.63783566,0.31365284,0.44195369,-0.33315759,0.5962065,-0.25063986,0.15808511,0.077816835,0.38930431,-1.06894641,0.71268336,-1.79460461,-0.17029461,1.1719487,0.32126706,-0.9010273,-1.7977922,-0.87351746,-1.26442036,0.04486139,-0.96479546,-0.82105808,-1.7895116,-0.94927753,0.2300811,-0.03178875,0.1218828,-0.3331417,0.40426464,0.056286738,0.008697389,-0.40580897,0.60132694,-1.6978233,-0.10113322,-0.2014795,-0.4621309,-0.07051809,-1.360811392,0.11973284,0.9193356,-1.3796292,0.76540921,2.045071,-0.804100219,0.190115907,-1.1767623,0.11855413,-0.46840772,-0.219007479,0.41275699,-0.28364,-0.09935346,-0.70886244,-0.08372857,-0.164401604,-0.22613126,-2.8544008,-1.67027885,0.360551885,-0.606046,-0.021429052,0.69414518,-0.8819516,0.76892722,0.41754433,-0.60584598,-0.29583228,-1.67941436,-0.10581246,-0.08861388,-2.26675659,-0.002815903,0.55711166,0.09847332,0.88851844,-1.041725717,-0.03943963,-0.28689898,-0.45085006,0.13950495,0.93862184,-0.5571629,-0.1148903,0.77812064,0.69283074,0.15530758,-0.05465729,-0.426272758,-0.16672656,0.31498913,-0.92479131,-0.9320787,0.804178774,-0.38381592,0.27596587,-0.37655568,-0.214927
S5,Control,0.06129403,0.13808761,-1.2858466,0.1485596,-0.41697731,-2.22708076,0.178314653,-0.25469408,-0.30180903,0.18398365,0.09094974,-1.10543082,0.64529856,0.05234819,0.003602324,-0.31576096,-0.028712393,-0.1937878,-1.049848,0.1011204,0.6260315,0.2769574,-0.9867906,0.27817521,0.62602428,0.04690055,-0.14598724,0.038536875,0.5103613,0.02088503,-0.022772827,0.033125731,-0.780559167,0.6887242,-0.12305983,0.02896666,0.20362656,-0.3674917,-0.68604658,-0.2773555,-0.97580322,0.6373231,0.09285817,0.211877616,0.08621052,0.53129276,0.108065828,-1.47867766,-1.3998035,-0.73936591,0.36902736,-0.47677835,-1.83101871,-0.55646122,0.8450427,-1.541146089,0.28421312,-1.25999114,-0.45399348,-0.539489626,-0.47987901,-0.48996621,0.409178611,-0.0343475,0.4488144,0.28823764,-0.62039965,-1.647737,-0.30551922,0.07912649,-1.1108802,-0.01159746,-0.35024079,0.09649606,-0.09115597,-2.10478589,-0.13161308,-1.6202117,-1.1424708,-0.280293718,0.5538912,-0.9661323,-2.16478501,-1.8371151,0.113524604,-0.67990129,-0.56664659,-0.206373323,-0.2099613,-1.0738648,-0.586429411,-0.345535167,0.30179176,-0.00835867,-0.65318473,0.07912129,-0.72545698,-1.6884309,-0.8998224,-1.7944639,0.6788585,-1.02911755,-0.789649477,-0.49216195,-1.43223232,-0.92107753,-0.88566657,-0.03568467,0.04020416,2.02094851,0.18511436,1.3990899,-2.2121996,-0.48236499,-0.68885904,-0.93593605,1.187303,-0.805135355,0.06890828,0.30382733,-0.5085441,0.13377614,-0.19391938,-0.6801758,-1.33787513,-2.0094221,-0.12744617,0.037397,0.10111487,-1.9165473,-0.8075235,0.11807091,0.56607969,0.05609541,0.04405819,-0.35729781,0.5449113,0.18112112,-0.10860286,-0.476039257,-0.07045529,-1.17633913,0.63409873,-1.9076092,-0.74595802,0.02832792,0.12455985,-0.7282925,-1.8168593,-1.20286981,-1.53181914,0.73946279,-1.28133413,-0.47132052,-1.8139322,-0.98888471,0.2122182,0.07446809,0.2038333,-0.3982008,0.25708691,-0.947583636,-0.540819189,-0.810068415,-1.31113853,0.4173041,-0.58115195,-0.5148917,-0.5507064,0.10860156,-1.233270798,-0.115991,0.5506604,-1.3453026,0.05623351,-2.04718511,-0.577938677,-0.116926295,-1.8520427,-0.25880444,-0.34583413,0.021216004,0.3315949,-0.3146344,-0.33570415,-0.50706797,0.06707831,-0.454902281,0.59678718,0.8339474,-1.67027885,0.373920495,-0.606046,-0.086538918,-0.09903666,-0.8819516,0.16189272,-1.70188755,0.66903854,-0.56487417,0.16392285,-0.17846802,-0.70983345,-0.7335407,-0.436483125,0.01068295,0.35695563,0.71349198,-0.308284273,0.62471448,-0.94856943,0.0473936,0.07658616,-0.04600156,-0.9676126,-0.56344331,0.11862626,0.2987804,0.07476174,-0.0141193,-1.752281423,-0.21119844,0.11913917,-1.26509432,-1.1618648,0.239837894,-0.79613121,-0.20046832,-0.52804098,0.8960818
S6,Control,-1.28389194,0.154314685,-1.7685371,-1.1982544,-0.06513615,-0.71312267,0.1335074,-0.66163736,-1.54762041,-0.42018731,0.16086932,0.79176249,0.65530583,-0.03807178,-0.056568745,0.2281609,-0.05502173,0.6773646,-0.5551596,-0.6513934,-2.1761341,-1.5515056,-0.2588887,0.18515433,-3.64890972,-0.11615975,0.40634866,-0.091258966,-1.2436364,-0.11351448,0.748258296,-0.144779656,-0.200654731,0.8888141,0.01724072,-0.12637473,-0.43180492,-1.0432769,-0.68604658,-1.435363,-1.34580344,0.5355625,-2.88917393,0.009363715,-0.07735795,-1.95057765,0.651777447,0.84041578,0.84033139,-0.05547901,-1.26007607,0.5468925,-0.19785744,1.07723006,-1.8928794,-0.198188685,0.53207507,-1.25999114,0.17813344,0.201102708,1.60745976,1.0685632,-2.261200774,-0.14420235,0.34644118,-0.786943324,0.762004,1.6662092,0.14438657,0.01098808,1.09652247,-0.09751117,0.43442925,-0.0976884,0.22942562,1.04977308,0.6012517,1.219884,1.0809105,1.110773746,-1.4204698,1.0171365,0.04212232,2.0249127,-1.88522114,1.62610565,1.46928178,0.268498757,1.49653111,0.605472,1.452299227,0.593923848,0.76809018,0.10029873,-2.21220303,-0.08233061,1.44604103,0.9642213,0.8699734,0.7553707,-1.2432748,1.30070643,1.452818104,-0.78236136,0.57883718,-0.58120956,-0.88566657,-0.13114076,-1.9705804,-1.54045696,1.01094252,-0.5258327,-0.2614612,-0.23202474,1.53859632,1.71427727,-1.140419,0.354094608,0.98152675,-1.62990976,-0.1187604,0.95986289,-0.44267183,-1.3387004,0.05816557,0.200518,-0.95999593,-0.4009662,-0.6727361,-0.6194047,-0.1261966,-0.2217337,-3.54199284,0.42630288,-0.12063643,0.46704814,-3.0600478,0.08865706,0.32541427,-0.008460415,-0.14882631,-1.91547282,-2.50878177,-0.08216158,-0.02234359,0.63652862,-0.05449234,-0.6243227,0.9583043,0.88071673,0.82307556,0.41679143,-1.75289531,0.85794925,0.9869743,-0.4212921,-0.9613738,-0.7898431,0.5372626,-0.4611247,-0.52933521,-0.159135082,-0.099835113,1.074825405,-0.79645074,1.1411846,0.01758588,1.3458521,-0.4348464,-0.43177438,-0.413387929,0.57206771,0.7399569,1.348736,1.0250009,-0.34683029,0.210781421,-0.0233052,2.149021,0.97718642,0.35026131,-0.06057545,-1.43049659,1.1858654,1.77164475,0.76492767,-0.09855445,1.959919358,-0.43638601,0.2605204,1.17638335,-0.489733456,-0.606046,0.103740501,-0.11503946,0.5893091,0.21285747,0.64225656,1.3804638,0.56808905,0.13626672,-1.15377345,0.96490916,1.20121351,-0.621750368,-0.01414959,0.16035062,-2.18019179,-0.310509385,-0.41807237,1.10584521,0.2019022,-0.21081541,-0.07835825,1.9033537,1.47621824,-0.53515498,-1.12600761,-0.69294653,-0.56785506,1.461399588,1.47765818,1.36870336,0.5999818,1.6520211,-0.537176298,1.70989874,1.22852312,0.91239088,0.9741682
S7,Control,-0.78069037,0.262102068,1.0356552,-0.8500266,-0.91768453,0.4731711,0.3924845,-0.31672136,-0.04663578,0.1724643,0.44728029,-0.11147253,-0.03515276,0.30930805,0.141043678,0.29540318,0.087127864,-0.7306927,0.1398988,1.0108054,-0.9274946,1.0516079,0.9161378,1.0926976,0.60915708,0.05962053,-0.28689556,0.052642184,-1.2436364,0.06549631,0.303538478,0.046839409,0.101121387,-0.3605569,0.07905299,0.06612552,0.53652653,-1.0432769,1.46655912,0.4028237,0.54593314,0.101478,0.75957029,0.359738166,-0.03381786,0.60496374,0.347693542,0.40619318,0.41696362,-0.73936591,0.41922138,0.35454598,-1.32370945,-0.13110004,0.2909319,1.551906292,0.8455756,0.09520301,0.41851544,0.476369602,-0.020895,-0.34034217,0.617856059,-0.11052973,0.01349389,0.372645608,-0.06222717,0.1313829,0.24690575,0.16403719,-0.24461932,0.04511436,-1.09211079,0.20327705,0.31940581,-0.19981476,-0.20532139,0.2149508,0.8854822,0.194479332,0.7091725,1.0015031,0.46966395,-0.531646,0.279938582,0.06956135,0.19116738,0.047045832,-0.01214015,0.6433017,0.174201718,0.000349545,0.12356908,0.09995126,0.59408457,0.23669909,-0.23658492,-1.6884309,0.6218423,0.3895436,-1.2432748,0.14992374,-0.3682806,-0.63623131,0.35413701,0.9908834,-0.88566657,0.35649759,0.34200562,-0.79672264,0.87575731,-0.5247801,1.7133669,-0.73285362,-0.02139839,-0.08214872,-1.140419,0.336403329,0.32657046,-0.22665137,-0.4298192,0.13493112,-0.1835268,-1.1528391,-1.11441365,0.2139224,-0.60552236,-0.1759498,-0.05970868,-1.1692228,-0.7271993,-0.05691386,0.55102685,0.10106069,0.23042867,-0.13916763,0.5198358,0.02470742,0.68413799,-0.018912817,0.10648803,0.8562203,0.35533149,0.6724937,-0.31888304,0.39572905,0.07882894,0.15223,0.6047427,0.83305322,0.4001007,-0.69001242,1.21387963,-0.28876154,0.6426158,-0.35510449,-0.9613738,0.25326633,0.1783652,-0.3712324,0.24449851,-0.247303718,0.041539577,-0.189435476,0.27082111,0.3006005,0.20623586,0.6779746,-0.4464732,0.30845658,1.604228294,-0.07475861,0.6083306,0.2748602,0.57912051,-2.04718511,0.483889472,-0.122759817,0.1483605,-0.09405634,0.0285497,-0.015298423,0.40110412,-0.4251032,1.02656757,0.50229978,0.17991843,0.002995445,-0.1345109,-1.9186517,0.02806657,0.664199849,0.5914578,0.499046306,0.16977262,0.1960215,-1.13181191,0.30413492,0.45034306,0.15648342,0.34553347,0.08140634,0.28541729,0.87120241,0.565171201,0.30619676,0.16827871,-0.70811361,-1.479144568,-0.50118814,-0.01652979,0.39281662,-1.15174003,0.14796395,0.9925828,-0.10330855,0.26101977,-0.12760936,0.08840561,-0.14699752,0.120322515,0.60564515,0.18910616,0.38747684,-0.1947966,0.074286422,-0.02018951,-0.28233002,0.44865706,1.0832954
S8,Control,-1.09633833,0.021076602,-2.3000634,-1.2986141,-0.19991442,-0.48377874,0.216399562,-0.6007152,-1.71180653,-0.07885526,0.33161044,-1.15598178,-0.36218667,0.07275293,0.005227158,-2.0562966,-0.061255252,-1.4880052,0.4074181,0.1896577,-1.3894924,-0.1660505,-0.9867906,-0.19246504,0.59010063,0.01128189,-0.68564947,-0.006379126,-1.2436364,-0.03250985,-0.002001289,0.009058823,0.479465075,-0.3605569,-0.07272497,-0.1231307,0.19087154,-1.0432769,1.53328564,-2.2408388,-1.40039855,0.5976767,0.52934922,0.258508326,-0.2159433,0.54572673,0.418158236,0.19759865,0.2013714,-0.73936591,-1.26007607,0.55982852,-1.83101871,-0.55300248,-0.4001084,0.737805582,-1.51381665,-1.25999114,0.23900295,0.33089063,-1.22471593,0.20251584,0.17128793,-0.04266265,0.13322807,0.192659829,-0.72133005,-1.647737,-0.14065723,-0.02014752,0.70684654,-0.14633748,-1.09211079,0.10544414,0.44871283,0.68723773,-0.19127619,0.9369226,0.4511571,-0.000852281,0.3168596,0.5255336,0.28192298,-1.8371151,-0.062261273,-1.01083716,-0.02241512,-0.098674066,-0.12719965,-1.4329024,-0.039802417,-1.038218237,-2.44672274,0.17529515,0.4525037,-0.24477331,-0.2460963,-0.9239114,-1.5105124,0.6751056,-1.2432748,0.78777216,-0.021349453,-0.22804782,0.52904695,0.97457645,-0.88566657,-0.83723672,-0.04103483,1.36154613,0.67362833,-0.542199,1.6681649,-0.78858781,-2.47399136,-1.12771994,-1.140419,-0.312614336,-0.44087517,0.43229862,-1.0316998,0.26638596,-0.25116681,-0.3131229,-0.71874098,0.1171425,-0.96690353,0.3491491,-0.45383578,-0.2654829,-1.391439,-0.05868408,0.45960295,-0.07426541,0.04941783,-0.59666829,0.5223111,0.14515855,0.25507577,-1.005549206,-0.03660393,-1.11315584,0.60406144,-0.65206548,-1.59047683,0.30389137,0.01114755,0.9156989,0.467236,0.65104882,0.16327372,-0.69001242,-0.14157504,-0.05289349,0.4405419,-1.27938868,0.2958213,-0.59891861,-2.321041,-0.3060973,0.38003268,-1.597817182,-0.060521512,-0.672831615,-0.04409011,0.4099178,0.10990473,-0.5720685,-0.5673108,0.08648077,0.789522302,-0.78019054,-0.951647,1.1719664,-1.08695258,-1.53727562,0.344177237,-0.183918446,-0.4410529,0.02420498,-0.19450907,-0.088555873,0.34709215,-0.4016553,-0.64133587,-0.42106767,0.0912957,-0.425531706,0.88265517,0.5085439,0.8646879,0.714293189,-0.606046,0.093015059,-0.12363607,-0.8819516,0.92817039,0.51935576,-0.87886555,-0.02545057,0.35771155,-1.26786719,-1.6212,0.3797441,-0.5204675,-0.41358922,0.53289556,0.81256465,0.814883378,-0.43029192,0.05309503,0.48351913,0.3266683,0.06791395,-0.783884,-1.01454554,-0.67765328,0.55297056,-0.37157566,0.30211185,-0.175653475,-0.3447469,-1.73303836,0.07708625,-0.5206174,0.468651265,-1.16831636,-0.33600175,-0.20177868,0.7855707
S9,Control,-0.90962799,-0.007833619,-0.981265,-0.4112127,-0.28927403,-0.45153988,0.296749153,-0.52715553,-0.22558357,0.14350808,0.26704117,-0.07215934,-0.43039581,0.01586496,-0.010420924,-0.46586565,0.004736129,-0.5655286,0.1347925,-2.6059196,0.4801709,-0.3083624,-0.9867906,0.22901619,0.55039096,-0.0602392,-0.60504725,-0.006714404,0.7289415,-0.04804051,-0.053530138,-0.076338858,-0.819154476,-0.3605569,-0.0273574,-0.10570026,0.28862077,-1.0432769,1.11328891,-0.8061448,0.74175431,0.6330569,0.25358099,0.306270164,-0.08337771,0.64938441,0.493177602,0.55154683,0.54117823,-0.73936591,0.33767956,0.7471696,0.54603783,-0.05810812,-0.3678947,0.996970694,-0.05244403,-1.25999114,0.03324335,0.145919475,-1.22471593,-0.817026,0.370184861,0.01610755,-0.74660081,0.393669838,-1.12572162,-1.1380413,-0.63605755,-0.0732571,-0.7206059,0.26176807,-1.09211079,0.12790037,0.30741273,-0.39217345,-0.23739652,-1.0460777,-1.4918873,-0.195286787,0.2826327,-0.9401203,0.77975883,-0.4588313,-0.991394401,-1.06141871,0.03968186,-0.002152236,-0.52540568,0.7656541,0.022439325,-0.139919382,-0.56393762,0.07339926,-0.53775775,0.22037791,-0.12761856,1.1488759,1.2277854,-1.7944639,-1.2432748,-1.16347902,-0.221566239,-0.48431487,-1.02595246,-0.83596612,0.4615618,-0.40589994,0.46377763,0.56763306,-1.38595344,-0.5808358,-1.6777193,-1.5052316,-0.53288908,-0.53296518,-0.582611,-0.002993058,0.0821619,-0.08247874,-0.633457,-1.10364677,-0.34334073,-0.359728,0.06801955,-0.7063685,-0.52422718,0.2353137,-1.11870345,-0.8603731,-1.9542763,0.01905829,0.52653494,0.24381238,0.01441391,-0.94411722,0.4709141,0.27627829,0.34547885,-0.28552957,0.07572537,0.85834449,0.56196486,0.62358276,-1.47992792,-0.47253727,0.10042706,0.1776268,0.7565015,0.65852009,0.5516156,-0.69001242,-0.9991892,-0.79765587,0.7388496,-0.71093156,-0.9613738,0.68321324,-2.321041,-0.1750213,0.08716526,0.379083578,0.05405348,-0.12198178,-0.17148622,-1.6978233,0.50851361,1.3476855,-0.4476634,-1.21336528,0.973901913,-0.57066344,0.2116327,-1.5284959,0.58329063,-2.04718511,0.21147868,-0.12281301,-2.5496296,0.01680566,-0.5063304,-0.007714035,0.39423536,-0.2868334,-0.59920149,0.24135243,0.12215271,-0.863381648,0.27082485,0.5252691,-0.92340641,-0.478173831,-0.606046,0.001093987,-0.89050686,0.2734242,0.18765777,0.44814506,-0.49945781,-0.26963757,0.83210492,0.56614059,-2.36361512,0.20175375,0.097457333,-0.7414086,0.36314557,0.46691854,0.163685226,0.38532004,-0.71165316,-0.01715576,-0.10926796,-1.12556369,-0.4543365,-1.07225472,-0.9074201,-0.45374987,0.26130555,0.28268585,-0.623764328,-0.63808067,0.25058169,0.33917346,-0.6148808,0.617943992,-0.50104909,-0.73152611,-0.6222568,-2.1522547
S10,Control,-1.98820127,0.127538177,-1.6711164,-0.3672783,-0.53116783,-1.40995289,0.529348044,0.13245341,0.10174836,0.41390345,0.69901954,-0.77968456,-0.02240461,-0.32922474,0.261231028,-0.07909362,0.298163401,-0.5370418,-2.0093233,0.4543223,0.5236914,0.9444465,1.0221178,0.57310052,0.52725239,0.24238128,-0.27652252,0.152923277,0.7850997,0.20557832,0.049990555,0.196538701,-0.297017547,-0.3605569,0.27040182,0.42361363,0.18441989,0.7236746,-0.68604658,-0.1027338,0.20141734,0.7223542,0.64204867,0.234151115,0.48175531,0.54703373,-0.038428204,-0.39316622,-0.35384943,-0.73936591,0.57978435,-0.36868123,-1.83101871,-0.58575331,0.9394217,1.242104785,-0.81411154,-1.25999114,-0.02330151,-0.178337668,-1.22471593,-0.97576015,0.422393639,0.19458496,0.51699252,0.196209201,-0.31723464,0.9999771,-0.51761912,0.29385967,-0.72703426,0.21846615,0.83143191,0.2502398,-0.04513928,-0.09114438,-0.16617872,-2.2615335,-1.025078,0.637551471,0.5912636,-0.9026319,0.43070642,0.8205335,-0.347830715,0.5366318,-0.55432159,-0.869071578,-0.25540198,0.777847,-0.5740207,0.013878684,1.00559941,0.49623872,1.47590736,-0.0272108,-0.16349815,1.2725178,1.2187284,0.4246735,1.0033569,-0.21032307,-1.059336882,0.08529443,0.31685327,-0.15206247,-0.88566657,0.04003883,0.55286812,-0.74332598,-1.9996626,-0.422889,-0.5762823,2.03911871,-0.60852172,-0.72506035,1.34368,0.152497927,0.80479548,0.51555802,1.213708,-1.18735465,0.02049696,-0.4073339,-0.965093,-2.0094221,-0.36486878,-0.5519138,-0.64697432,-1.4214302,-1.1063989,0.21805785,0.61349525,0.21293956,0.27391445,-0.79249832,0.5785375,0.54918151,0.56525128,-0.141253461,0.22609744,0.31578213,0.67274639,0.30765688,-0.89208329,-0.0236198,0.18242183,-1.4134305,-1.1214486,0.67818141,-0.40965355,-0.69001242,1.39442565,-1.10030766,-0.2081419,-0.83521876,-0.3916337,1.15470355,0.2287123,-0.2079034,0.16595876,0.046465265,0.209035781,-0.712303549,0.41858682,0.4161605,0.32969087,-0.1595804,-0.3569513,-0.38098864,1.331831,-0.30013316,-0.951647,-1.4097689,0.23180694,0.94195777,-0.123978798,0.042738094,-1.9649461,0.11567384,-0.22757498,0.111552877,0.31592921,-0.2147347,-0.28512329,0.1780771,0.27402269,-0.6269163,-0.12256666,0.448983,-1.67027885,0.318756227,-0.606046,-0.056515139,-0.56028228,0.5681488,-1.13181191,-0.16654041,-1.31163075,-0.11370661,0.11132765,1.47174358,1.00907511,0.01881034,2.566108726,-0.55111959,-0.09497917,-0.05477391,0.344410709,0.85894675,-0.75131067,0.43213605,0.56317806,-0.1564544,-0.39894,-0.61200418,-0.14479588,-0.27555338,0.24957547,-0.6366306,-0.725413614,-1.15590438,0.20261191,0.48634828,-0.176612,-1.642524445,-0.82005641,-0.75119759,0.38476312,1.3165088
